<?xml version="1.0" encoding="UTF-8"?><Task schemaVersion="4.0" runNLS="never">
   <Registration>
      <Name>Data2DataStep</Name>
      <Description>Generates a DATA step to recreate a few observations of a data set.</Description>
      <GUID>209039f4-f7e6-4916-97d1-6637f0ba2127</GUID>
      <Procedures>DATA step</Procedures>
      <Version>3.4</Version>
      <Links>
         <Link href="http://support.sas.com/documentation/onlinedoc/sasstudio/index.html">SAS Studio User's Guide</Link>
         <Link href="https://support.sas.com/documentation/cdl/en/lestmtsref/68024/HTML/default/viewer.htm#titlepage.htm">Base SAS Statements</Link>
         <Link href="http://support.sas.com/training/studio">SAS Tutorials</Link>
      </Links>
      <Category>Data</Category>
   </Registration>
   <Metadata>
      <DataSources>
         <DataSource name="dataset">
         </DataSource>
      </DataSources>
      <Options>
         <Option inputType="string" name="dta">Input Data</Option>
         <Option inputType="string" name="opts">Options</Option>
         <Option inputType="string" name="TaskTitle">Data2DataStep:</Option>
         <Option inputType="inputtext" name="ProgramFile" indent="1" required="False" promptMessage="Enter the fully-qualifed name of the program file (Optional)">Program File:</Option>
         <Option inputType="numstepper" name="Nobs" indent="1" required="False" decimalPlaces="0" defaultValue="10" increment="1" invalidMessage="Number of observations (default is 10)" minValue="1" promptMessage="Enter an integer greater than 0 for the number of observations to be output" rangeMessage="Must be an integer greater than 0" rangeMessageKey="subsetNobsRangeKey" >Number of observations to output:</Option>
      </Options>
   </Metadata>
   <UI>
      <Container option="TaskTitle">
         <Group open="true" option="dta">
            <DataItem data="dataset"/>
         </Group>
         <Group open="true" option="opts">
            <OptionItem option="ProgramFile"/>
            <OptionItem option="Nobs"/>
         </Group>
      </Container>
   </UI>

   <Dependencies>
   </Dependencies>
   <CodeTemplate>
<![CDATA[

/* Write a DATA set to re-create a few observations of a data set */
%DATA2DATASTEP($dataset,,$ProgramFile,$Nobs)

]]>
   </CodeTemplate>
</Task>